{
  "roc_auc": 0.8638769746620163,
  "pr_auc": 0.49998692680358386,
  "precision": 0.5,
  "detection_rate": 0.49732620320855614,
  "false_positive_rate": 0.006278269087963275,
  "f1": 0.49865951742627346,
  "threshold": 0.8748193979263306,
  "confusion": {
    "tn": 14720,
    "fp": 93,
    "fn": 94,
    "tp": 93
  }
}